{	
	"trackX":0,
	"trackY":0,
	"trackFont":"vcr.ttf",
	"trackColor":"#E55777",
	"trackSize":32,
	"trackOutline":false,
	"trackOutSize":1.5,
	"trackOutColor":"#000000",
	"scoreX":0,
	"scoreY":0,
	"scoreFont":"vcr.ttf",
	"scoreColor":"#FFFFFF",
	"scoreSize":32,
	"scoreOutline":false,
	"scoreOutSize":1.5,
	"scoreOutColor":"#000000",
	"titleX":0,
	"titleY":0,
	"titleFont":"vcr.ttf",
	"titleColor":"#FFFFFF",
	"titleSize":32,
	"titleAlpha":0.7,
	"titleOutline":false,
	"titleOutSize":1.5,
	"titleOutColor":"#000000"
}